{
  "generated_at": "2026-01-17T14:31:10.309464Z",
  "sources": [
    "https://samorzad.pap.pl/sites/default/files/2024-01/wyr%C3%B3%C5%BCniki-powiaty.pdf",
    "https://eli.gov.pl/api/acts/DU/2024/1709/text/O/D20241709.pdf"
  ],
  "voivodeship_by_first_letter": {
    "A": "mazowieckie",
    "B": "podlaskie",
    "C": "kujawsko-",
    "D": "dolnośląskie",
    "E": "łódzkie",
    "F": "lubuskie",
    "G": "pomorskie",
    "I": "śląskie",
    "J": "małopolskie",
    "K": "małopolskie",
    "L": "lubelskie",
    "M": "wielkopolskie",
    "N": "warmińsko-",
    "O": "opolskie",
    "P": "wielkopolskie",
    "R": "podkarpackie",
    "S": "śląskie",
    "T": "świętokrzyskie",
    "V": "dolnośląskie",
    "W": "mazowieckie",
    "X": "pomorskie",
    "Y": "podkarpackie",
    "Z": "zachodnio-"
  },
  "known_prefixes_optional": {
    "AA": "W arszawa / mazowieckie",
    "AB": "W arszawa / mazowieckie",
    "AD": "W arszawa / mazowieckie",
    "AE": "W arszawa / mazowieckie",
    "AG": "garwoliński / mazowieckie",
    "AL": "legionowski / mazowieckie",
    "AM": "miński / mazowieckie",
    "AO": "O strołęka / mazowieckie",
    "AP": "P łock / mazowieckie",
    "AR": "R adom / mazowieckie",
    "AS": "S iedlce / mazowieckie",
    "AV": "wołomiński / mazowieckie",
    "AZ": "warszawski zachodni / mazowieckie",
    "BI": "B iałystok / podlaskie",
    "BL": "Łomża / podlaskie",
    "BS": "S uwałki / podlaskie",
    "CB": "B ydgoszcz / kujawsko-",
    "CG": "G rudziądz / kujawsko-",
    "CT": "T oruń / kujawsko-",
    "CW": "W łocławek / kujawsko-",
    "DB": "W ałbrzych / dolnośląskie",
    "DJ": "J elenia G óra / dolnośląskie",
    "DL": "L egnica / dolnośląskie",
    "DW": "W rocław / dolnośląskie",
    "DX": "W rocław / dolnośląskie",
    "ED": "Łódź / łódzkie",
    "EL": "Łódź / łódzkie",
    "EP": "P iotrków T rybunalski / łódzkie",
    "ES": "S kierniewice / łódzkie",
    "FG": "G orzów W ielkopolski / lubuskie",
    "FZ": "Z ielona G óra / lubuskie",
    "GA": "G dynia / pomorskie",
    "GD": "G dańsk / pomorskie",
    "GS": "S łupsk / pomorskie",
    "IB": "B ielsko-B iała / śląskie",
    "IC": "C zęstochowa / śląskie",
    "ID": "D ąbrowa G órnicza / śląskie",
    "IE": "będziński / śląskie",
    "IG": "G liwice / śląskie",
    "IH": "C horzów / śląskie",
    "II": "S iemianowice Śląskie / śląskie",
    "IJ": "J aworzno / śląskie",
    "IK": "K atowice / śląskie",
    "IL": "R uda Śląska / śląskie",
    "IM": "M ysłowice / śląskie",
    "IO": "S osnowiec / śląskie",
    "IR": "R ybnik / śląskie",
    "IT": "T ychy / śląskie",
    "IW": "Świętochłowice / śląskie",
    "IY": "B ytom / śląskie",
    "IZ": "Z abrze / śląskie",
    "JK": "K raków / małopolskie",
    "JN": "N owy S ącz / małopolskie",
    "JR": "K raków / małopolskie",
    "JT": "T arnów / małopolskie",
    "KK": "K raków / małopolskie",
    "KN": "N owy S ącz / małopolskie",
    "KR": "K raków / małopolskie",
    "KT": "T arnów / małopolskie",
    "LB": "B iała P odlaska / lubelskie",
    "LC": "C hełm / lubelskie",
    "LU": "L ublin / lubelskie",
    "LZ": "Z amość / lubelskie",
    "MA": "K alisz / wielkopolskie",
    "MK": "K alisz / wielkopolskie",
    "ML": "L eszno / wielkopolskie",
    "MN": "K onin / wielkopolskie",
    "MO": "P oznań / wielkopolskie",
    "MP": "pilski / wielkopolskie",
    "MX": "P oznań / wielkopolskie",
    "MY": "P oznań / wielkopolskie",
    "MZ": "poznański / wielkopolskie",
    "NE": "E lbląg / warmińsko-",
    "NO": "O lsztyn / warmińsko-",
    "OB": "brzeski / opolskie",
    "OK": "kędzierzyńsko- / opolskie",
    "OP": "O pole / opolskie",
    "PA": "K alisz / wielkopolskie",
    "PK": "K alisz / wielkopolskie",
    "PL": "L eszno / wielkopolskie",
    "PN": "K onin / wielkopolskie",
    "PO": "P oznań / wielkopolskie",
    "PP": "pilski / wielkopolskie",
    "PX": "P oznań / wielkopolskie",
    "PY": "P oznań / wielkopolskie",
    "PZ": "poznański / wielkopolskie",
    "RK": "K rosno / podkarpackie",
    "RP": "P rzemyśl / podkarpackie",
    "RT": "T arnobrzeg / podkarpackie",
    "RZ": "R zeszów / podkarpackie",
    "SB": "B ielsko-B iała / śląskie",
    "SC": "C zęstochowa / śląskie",
    "SD": "D ąbrowa G órnicza / śląskie",
    "SE": "będziński / śląskie",
    "SG": "G liwice / śląskie",
    "SH": "C horzów / śląskie",
    "SI": "S iemianowice Śląskie / śląskie",
    "SJ": "J aworzno / śląskie",
    "SK": "K atowice / śląskie",
    "SL": "R uda Śląska / śląskie",
    "SM": "M ysłowice / śląskie",
    "SO": "S osnowiec / śląskie",
    "SR": "R ybnik / śląskie",
    "ST": "T ychy / śląskie",
    "SW": "Świętochłowice / śląskie",
    "SY": "B ytom / śląskie",
    "SZ": "Z abrze / śląskie",
    "TK": "K ielce / świętokrzyskie",
    "VB": "W ałbrzych / dolnośląskie",
    "VJ": "J elenia G óra / dolnośląskie",
    "VL": "L egnica / dolnośląskie",
    "VW": "W rocław / dolnośląskie",
    "VX": "W rocław / dolnośląskie",
    "WA": "W arszawa / mazowieckie",
    "WB": "W arszawa / mazowieckie",
    "WD": "W arszawa / mazowieckie",
    "WE": "W arszawa / mazowieckie",
    "WG": "garwoliński / mazowieckie",
    "WL": "legionowski / mazowieckie",
    "WM": "miński / mazowieckie",
    "WO": "O strołęka / mazowieckie",
    "WP": "P łock / mazowieckie",
    "WR": "R adom / mazowieckie",
    "WS": "S iedlce / mazowieckie",
    "WV": "wołomiński / mazowieckie",
    "WZ": "warszawski zachodni / mazowieckie",
    "XA": "G dynia / pomorskie",
    "XD": "G dańsk / pomorskie",
    "XS": "S łupsk / pomorskie",
    "YK": "K rosno / podkarpackie",
    "YP": "P rzemyśl / podkarpackie",
    "YT": "T arnobrzeg / podkarpackie",
    "YZ": "R zeszów / podkarpackie",
    "ZK": "K oszalin / zachodnio-",
    "ZS": "S zczecin / zachodnio-",
    "ZZ": "S zczecin / zachodnio-",
    "ABR": "białobrzeski / mazowieckie",
    "ACI": "ciechanowski / mazowieckie",
    "AGM": "grodziski / mazowieckie",
    "AGR": "grójecki / mazowieckie",
    "AGS": "gostyniński / mazowieckie",
    "AKZ": "kozienicki / mazowieckie",
    "ALI": "lipski / mazowieckie",
    "ALS": "łosicki / mazowieckie",
    "AMA": "makowski / mazowieckie",
    "AML": "mławski / mazowieckie",
    "AND": "nowodworski / mazowieckie",
    "AOR": "ostrowski / mazowieckie",
    "AOS": "ostrołęcki / mazowieckie",
    "AOT": "otwocki / mazowieckie",
    "APA": "piaseczyński / mazowieckie",
    "API": "piaseczyński / mazowieckie",
    "APL": "płocki / mazowieckie",
    "APN": "płoński / mazowieckie",
    "APP": "pruszkowski / mazowieckie",
    "APR": "pruszkowski / mazowieckie",
    "APS": "pruszkowski / mazowieckie",
    "APU": "pułtuski / mazowieckie",
    "APY": "przysuski / mazowieckie",
    "APZ": "przasnyski / mazowieckie",
    "ARA": "radomski / mazowieckie",
    "ASC": "sochaczewski / mazowieckie",
    "ASE": "sierpecki / mazowieckie",
    "ASI": "siedlecki / mazowieckie",
    "ASK": "sokołowski / mazowieckie",
    "ASZ": "szydłowiecki / mazowieckie",
    "AWE": "węgrowski / mazowieckie",
    "AWL": "wołomiński / mazowieckie",
    "AWY": "wyszkowski / mazowieckie",
    "AZU": "żuromiński / mazowieckie",
    "AZW": "zwoleński / mazowieckie",
    "AZY": "żyrardowski / mazowieckie",
    "BAU": "augustowski / podlaskie",
    "BBI": "bielski / podlaskie",
    "BGR": "grajewski / podlaskie",
    "BHA": "hajnowski / podlaskie",
    "BIA": "białostocki / podlaskie",
    "BIB": "białostocki / podlaskie",
    "BKL": "kolneński / podlaskie",
    "BLM": "łomżyński / podlaskie",
    "BMN": "moniecki / podlaskie",
    "BSE": "sejneński / podlaskie",
    "BSI": "siemiatycki / podlaskie",
    "BSK": "sokólski / podlaskie",
    "BSU": "suwalski / podlaskie",
    "BWM": "wysokomazowiecki / podlaskie",
    "BZA": "zambrowski / podlaskie",
    "CAL": "aleksandrowski / kujawsko-",
    "CBC": "bydgoski / kujawsko-",
    "CBR": "brodnicki / kujawsko-",
    "CBY": "bydgoski / kujawsko-",
    "CCH": "chełmiński / kujawsko-",
    "CGD": "golubsko-dobrzyński / kujawsko-",
    "CGR": "grudziądzki / kujawsko-",
    "CIN": "inowrocławski / kujawsko-",
    "CLI": "lipnowski / kujawsko-",
    "CMG": "mogileński / kujawsko-",
    "CNA": "nakielski / kujawsko-",
    "CRA": "radziejowski / kujawsko-",
    "CRY": "rypiński / kujawsko-",
    "CSE": "sępoleński / kujawsko-",
    "CSW": "świecki / kujawsko-",
    "CTR": "toruński / kujawsko-",
    "CTU": "tucholski / kujawsko-",
    "CWA": "wąbrzeski / kujawsko-",
    "CWL": "włocławski / kujawsko-",
    "CZN": "żniński / kujawsko-",
    "DBA": "wałbrzyski / dolnośląskie",
    "DBL": "bolesławiecki / dolnośląskie",
    "DDZ": "dzierżoniowski / dolnośląskie",
    "DGL": "głogowski / dolnośląskie",
    "DGR": "górowski / dolnośląskie",
    "DJA": "jaworski / dolnośląskie",
    "DJE": "karkonoski / dolnośląskie",
    "DKA": "kamiennogórski / dolnośląskie",
    "DKL": "kłodzki / dolnośląskie",
    "DLB": "lubański / dolnośląskie",
    "DLE": "legnicki / dolnośląskie",
    "DLU": "lubiński / dolnośląskie",
    "DLW": "lwówecki / dolnośląskie",
    "DMI": "milicki / dolnośląskie",
    "DOA": "oławski / dolnośląskie",
    "DOL": "oleśnicki / dolnośląskie",
    "DPL": "polkowicki / dolnośląskie",
    "DSR": "średzki / dolnośląskie",
    "DST": "strzeliński / dolnośląskie",
    "DSW": "świdnicki / dolnośląskie",
    "DTR": "trzebnicki / dolnośląskie",
    "DWL": "wołowski / dolnośląskie",
    "DWR": "wrocławski / dolnośląskie",
    "DZA": "ząbkowicki / dolnośląskie",
    "DZG": "zgorzelecki / dolnośląskie",
    "DZL": "złotoryjski / dolnośląskie",
    "EBE": "bełchatowski / łódzkie",
    "EBR": "brzeziński / łódzkie",
    "EKU": "kutnowski / łódzkie",
    "ELA": "łaski / łódzkie",
    "ELC": "łowicki / łódzkie",
    "ELE": "łęczycki / łódzkie",
    "ELW": "łódzki wschodni / łódzkie",
    "EOP": "opoczyński / łódzkie",
    "EPA": "pabianicki / łódzkie",
    "EPD": "poddębicki / łódzkie",
    "EPI": "piotrkowski / łódzkie",
    "EPJ": "pajęczański / łódzkie",
    "ERA": "radomszczański / łódzkie",
    "ERW": "rawski / łódzkie",
    "ESI": "sieradzki / łódzkie",
    "ESK": "skierniewicki / łódzkie",
    "ETM": "tomaszowski / łódzkie",
    "EWE": "wieruszowski / łódzkie",
    "EWI": "wieluński / łódzkie",
    "EZD": "zduńskowolski / łódzkie",
    "EZG": "zgierski / łódzkie",
    "FGW": "gorzowski / lubuskie",
    "FKR": "krośnieński / lubuskie",
    "FMI": "międzyrzecki / lubuskie",
    "FNW": "nowosolski / lubuskie",
    "FSD": "strzelecko-drezdenecki / lubuskie",
    "FSL": "słubicki / lubuskie",
    "FSU": "sulęciński / lubuskie",
    "FSW": "świebodziński / lubuskie",
    "FWS": "wschowski / lubuskie",
    "FZA": "żarski / lubuskie",
    "FZG": "żagański / lubuskie",
    "FZI": "zielonogórski / lubuskie",
    "GBY": "bytowski / pomorskie",
    "GCH": "chojnicki / pomorskie",
    "GCZ": "człuchowski / pomorskie",
    "GDA": "gdański / pomorskie",
    "GKA": "kartuski / pomorskie",
    "GKS": "kościerski / pomorskie",
    "GKW": "kwidzyński / pomorskie",
    "GKY": "kartuski / pomorskie",
    "GLE": "lęborski / pomorskie",
    "GMB": "malborski / pomorskie",
    "GND": "nowodworski / pomorskie",
    "GPU": "pucki / pomorskie",
    "GSL": "słupski / pomorskie",
    "GSP": "S opot / pomorskie",
    "GST": "starogardzki / pomorskie",
    "GSZ": "sztumski / pomorskie",
    "GTC": "tczewski / pomorskie",
    "GWE": "wejherowski / pomorskie",
    "GWO": "wejherowski / pomorskie",
    "IBE": "będziński / śląskie",
    "IBI": "bielski / śląskie",
    "IBL": "bieruńsko-lędziński / śląskie",
    "IBN": "będziński / śląskie",
    "ICI": "cieszyński / śląskie",
    "ICN": "cieszyński / śląskie",
    "ICZ": "częstochowski / śląskie",
    "IGL": "gliwicki / śląskie",
    "IJZ": "J astrzębie-Z drój / śląskie",
    "IKL": "kłobucki / śląskie",
    "ILU": "lubliniecki / śląskie",
    "IMI": "mikołowski / śląskie",
    "IMY": "myszkowski / śląskie",
    "IPI": "P iekary Śląskie / śląskie",
    "IPS": "pszczyński / śląskie",
    "IRB": "rybnicki / śląskie",
    "IRC": "raciborski / śląskie",
    "IRS": "R uda Śląska / śląskie",
    "ITA": "tarnogórski / śląskie",
    "IWD": "wodzisławski / śląskie",
    "IWZ": "wodzisławski / śląskie",
    "IZA": "zawierciański / śląskie",
    "IZO": "Żory / śląskie",
    "IZY": "żywiecki / śląskie",
    "JBA": "bocheński / małopolskie",
    "JBC": "bocheński / małopolskie",
    "JBR": "brzeski / małopolskie",
    "JCH": "chrzanowski / małopolskie",
    "JDA": "dąbrowski / małopolskie",
    "JGR": "gorlicki / małopolskie",
    "JLI": "limanowski / małopolskie",
    "JMI": "miechowski / małopolskie",
    "JMY": "myślenicki / małopolskie",
    "JNS": "nowosądecki / małopolskie",
    "JNT": "nowotarski / małopolskie",
    "JOL": "olkuski / małopolskie",
    "JOS": "oświęcimski / małopolskie",
    "JPR": "proszowicki / małopolskie",
    "JRA": "krakowski / małopolskie",
    "JRK": "krakowski / małopolskie",
    "JSU": "suski / małopolskie",
    "JTA": "tarnowski / małopolskie",
    "JTT": "tatrzański / małopolskie",
    "JWA": "wadowicki / małopolskie",
    "JWI": "wielicki / małopolskie",
    "KBA": "bocheński / małopolskie",
    "KBC": "bocheński / małopolskie",
    "KBR": "brzeski / małopolskie",
    "KCH": "chrzanowski / małopolskie",
    "KDA": "dąbrowski / małopolskie",
    "KGR": "gorlicki / małopolskie",
    "KLI": "limanowski / małopolskie",
    "KMI": "miechowski / małopolskie",
    "KMY": "myślenicki / małopolskie",
    "KNS": "nowosądecki / małopolskie",
    "KNT": "nowotarski / małopolskie",
    "KOL": "olkuski / małopolskie",
    "KOS": "oświęcimski / małopolskie",
    "KPR": "proszowicki / małopolskie",
    "KRA": "krakowski / małopolskie",
    "KRK": "krakowski / małopolskie",
    "KSU": "suski / małopolskie",
    "KTA": "tarnowski / małopolskie",
    "KTT": "tatrzański / małopolskie",
    "KWA": "wadowicki / małopolskie",
    "KWI": "wielicki / małopolskie",
    "LBI": "bialski / lubelskie",
    "LBL": "biłgorajski / lubelskie",
    "LCH": "chełmski / lubelskie",
    "LHR": "hrubieszowski / lubelskie",
    "LJA": "janowski / lubelskie",
    "LKR": "kraśnicki / lubelskie",
    "LKS": "krasnostawski / lubelskie",
    "LLB": "lubartowski / lubelskie",
    "LLE": "łęczyński / lubelskie",
    "LLU": "łukowski / lubelskie",
    "LOP": "opolski / lubelskie",
    "LPA": "parczewski / lubelskie",
    "LPU": "puławski / lubelskie",
    "LRA": "radzyński / lubelskie",
    "LRY": "rycki / lubelskie",
    "LSW": "świdnicki / lubelskie",
    "LTM": "tomaszowski / lubelskie",
    "LUB": "lubelski / lubelskie",
    "LWL": "włodawski / lubelskie",
    "LZA": "zamojski / lubelskie",
    "MCH": "chodzieski / wielkopolskie",
    "MCT": "czarnkowsko- / wielkopolskie",
    "MGN": "gnieźnieński / wielkopolskie",
    "MGO": "grodziski / wielkopolskie",
    "MGS": "gostyński / wielkopolskie",
    "MJA": "jarociński / wielkopolskie",
    "MKA": "kaliski / wielkopolskie",
    "MKE": "kępiński / wielkopolskie",
    "MKL": "kolski / wielkopolskie",
    "MKN": "koniński / wielkopolskie",
    "MKO": "K onin / wielkopolskie",
    "MKR": "krotoszyński / wielkopolskie",
    "MKS": "kościański / wielkopolskie",
    "MLE": "leszczyński / wielkopolskie",
    "MMI": "międzychodzki / wielkopolskie",
    "MNT": "nowotomyski / wielkopolskie",
    "MOB": "obornicki / wielkopolskie",
    "MOS": "ostrowski / wielkopolskie",
    "MOT": "ostrzeszowski / wielkopolskie",
    "MOZ": "poznański / wielkopolskie",
    "MPL": "pleszewski / wielkopolskie",
    "MRA": "rawicki / wielkopolskie",
    "MSE": "śremski / wielkopolskie",
    "MSL": "słupecki / wielkopolskie",
    "MSR": "średzki / wielkopolskie",
    "MSZ": "szamotulski / wielkopolskie",
    "MTU": "turecki / wielkopolskie",
    "MWA": "wągrowiecki / wielkopolskie",
    "MWL": "wolsztyński / wielkopolskie",
    "MWR": "wrzesiński / wielkopolskie",
    "MZL": "złotowski / wielkopolskie",
    "NBA": "bartoszycki / warmińsko-",
    "NBR": "braniewski / warmińsko-",
    "NDZ": "działdowski / warmińsko-",
    "NEB": "elbląski / warmińsko-",
    "NEL": "ełcki / warmińsko-",
    "NGI": "giżycki / warmińsko-",
    "NGO": "gołdapski / warmińsko-",
    "NIL": "iławski / warmińsko-",
    "NKE": "kętrzyński / warmińsko-",
    "NLI": "lidzbarski / warmińsko-",
    "NMR": "mrągowski / warmińsko-",
    "NNI": "nidzicki / warmińsko-",
    "NNM": "nowomiejski / warmińsko-",
    "NOE": "olecki / warmińsko-",
    "NOL": "olsztyński / warmińsko-",
    "NOS": "ostródzki / warmińsko-",
    "NOT": "ostródzki / warmińsko-",
    "NPI": "piski / warmińsko-",
    "NSZ": "szczycieński / warmińsko-",
    "NWE": "węgorzewski / warmińsko-",
    "OGL": "głubczycki / opolskie",
    "OKL": "kluczborski / opolskie",
    "OKR": "krapkowicki / opolskie",
    "ONA": "namysłowski / opolskie",
    "ONY": "nyski / opolskie",
    "OOL": "oleski / opolskie",
    "OPO": "opolski / opolskie",
    "OPR": "prudnicki / opolskie",
    "OST": "strzelecki / opolskie",
    "PCH": "chodzieski / wielkopolskie",
    "PCT": "czarnkowsko- / wielkopolskie",
    "PGN": "gnieźnieński / wielkopolskie",
    "PGO": "grodziski / wielkopolskie",
    "PGS": "gostyński / wielkopolskie",
    "PJA": "jarociński / wielkopolskie",
    "PKA": "kaliski / wielkopolskie",
    "PKE": "kępiński / wielkopolskie",
    "PKL": "kolski / wielkopolskie",
    "PKN": "koniński / wielkopolskie",
    "PKO": "K onin / wielkopolskie",
    "PKR": "krotoszyński / wielkopolskie",
    "PKS": "kościański / wielkopolskie",
    "PLE": "leszczyński / wielkopolskie",
    "PMI": "międzychodzki / wielkopolskie",
    "PNT": "nowotomyski / wielkopolskie",
    "POB": "obornicki / wielkopolskie",
    "POS": "ostrowski / wielkopolskie",
    "POT": "ostrzeszowski / wielkopolskie",
    "POZ": "poznański / wielkopolskie",
    "PPL": "pleszewski / wielkopolskie",
    "PRA": "rawicki / wielkopolskie",
    "PSE": "śremski / wielkopolskie",
    "PSL": "słupecki / wielkopolskie",
    "PSR": "średzki / wielkopolskie",
    "PSZ": "szamotulski / wielkopolskie",
    "PTU": "turecki / wielkopolskie",
    "PWA": "wągrowiecki / wielkopolskie",
    "PWL": "wolsztyński / wielkopolskie",
    "PWR": "wrzesiński / wielkopolskie",
    "PZL": "złotowski / wielkopolskie",
    "RBI": "bieszczadzki / podkarpackie",
    "RBR": "brzozowski / podkarpackie",
    "RDE": "dębicki / podkarpackie",
    "RJA": "jarosławski / podkarpackie",
    "RJS": "jasielski / podkarpackie",
    "RKL": "kolbuszowski / podkarpackie",
    "RKR": "krośnieński / podkarpackie",
    "RLA": "łańcucki / podkarpackie",
    "RLE": "leżajski / podkarpackie",
    "RLS": "leski / podkarpackie",
    "RLU": "lubaczowski / podkarpackie",
    "RMI": "mielecki / podkarpackie",
    "RNI": "niżański / podkarpackie",
    "RPR": "przemyski / podkarpackie",
    "RPZ": "przeworski / podkarpackie",
    "RRS": "ropczycko- / podkarpackie",
    "RSA": "sanocki / podkarpackie",
    "RSR": "strzyżowski / podkarpackie",
    "RST": "stalowowolski / podkarpackie",
    "RTA": "tarnobrzeski / podkarpackie",
    "RZE": "rzeszowski / podkarpackie",
    "RZZ": "rzeszowski / podkarpackie",
    "SBE": "będziński / śląskie",
    "SBI": "bielski / śląskie",
    "SBL": "bieruńsko-lędziński / śląskie",
    "SBN": "będziński / śląskie",
    "SCI": "cieszyński / śląskie",
    "SCN": "cieszyński / śląskie",
    "SCZ": "częstochowski / śląskie",
    "SGL": "gliwicki / śląskie",
    "SJZ": "J astrzębie-Z drój / śląskie",
    "SKL": "kłobucki / śląskie",
    "SLU": "lubliniecki / śląskie",
    "SMI": "mikołowski / śląskie",
    "SMY": "myszkowski / śląskie",
    "SPI": "P iekary Śląskie / śląskie",
    "SPS": "pszczyński / śląskie",
    "SRB": "rybnicki / śląskie",
    "SRC": "raciborski / śląskie",
    "SRS": "R uda Śląska / śląskie",
    "STA": "tarnogórski / śląskie",
    "SWD": "wodzisławski / śląskie",
    "SWZ": "wodzisławski / śląskie",
    "SZA": "zawierciański / śląskie",
    "SZO": "Żory / śląskie",
    "SZY": "żywiecki / śląskie",
    "TBU": "buski / świętokrzyskie",
    "TJE": "jędrzejowski / świętokrzyskie",
    "TKA": "kazimierski / świętokrzyskie",
    "TKC": "kielecki / świętokrzyskie",
    "TKI": "kielecki / świętokrzyskie",
    "TKN": "konecki / świętokrzyskie",
    "TLW": "włoszczowski / świętokrzyskie",
    "TOP": "opatowski / świętokrzyskie",
    "TOS": "ostrowiecki / świętokrzyskie",
    "TPI": "pińczowski / świętokrzyskie",
    "TSA": "sandomierski / świętokrzyskie",
    "TSK": "skarżyski / świętokrzyskie",
    "TST": "starachowicki / świętokrzyskie",
    "TSZ": "staszowski / świętokrzyskie",
    "VBA": "wałbrzyski / dolnośląskie",
    "VBL": "bolesławiecki / dolnośląskie",
    "VDZ": "dzierżoniowski / dolnośląskie",
    "VGL": "głogowski / dolnośląskie",
    "VGR": "górowski / dolnośląskie",
    "VJA": "jaworski / dolnośląskie",
    "VJE": "karkonoski / dolnośląskie",
    "VKA": "kamiennogórski / dolnośląskie",
    "VKL": "kłodzki / dolnośląskie",
    "VLB": "lubański / dolnośląskie",
    "VLE": "legnicki / dolnośląskie",
    "VLU": "lubiński / dolnośląskie",
    "VLW": "lwówecki / dolnośląskie",
    "VMI": "milicki / dolnośląskie",
    "VOA": "oławski / dolnośląskie",
    "VOL": "oleśnicki / dolnośląskie",
    "VPL": "polkowicki / dolnośląskie",
    "VSR": "średzki / dolnośląskie",
    "VST": "strzeliński / dolnośląskie",
    "VSW": "świdnicki / dolnośląskie",
    "VTR": "trzebnicki / dolnośląskie",
    "VWL": "wołowski / dolnośląskie",
    "VWR": "wrocławski / dolnośląskie",
    "VZA": "ząbkowicki / dolnośląskie",
    "VZG": "zgorzelecki / dolnośląskie",
    "VZL": "złotoryjski / dolnośląskie",
    "WBR": "białobrzeski / mazowieckie",
    "WCI": "ciechanowski / mazowieckie",
    "WGM": "grodziski / mazowieckie",
    "WGR": "grójecki / mazowieckie",
    "WGS": "gostyniński / mazowieckie",
    "WKZ": "kozienicki / mazowieckie",
    "WLI": "lipski / mazowieckie",
    "WLS": "łosicki / mazowieckie",
    "WMA": "makowski / mazowieckie",
    "WML": "mławski / mazowieckie",
    "WND": "nowodworski / mazowieckie",
    "WOR": "ostrowski / mazowieckie",
    "WOS": "ostrołęcki / mazowieckie",
    "WOT": "otwocki / mazowieckie",
    "WPA": "piaseczyński / mazowieckie",
    "WPI": "piaseczyński / mazowieckie",
    "WPL": "płocki / mazowieckie",
    "WPN": "płoński / mazowieckie",
    "WPP": "pruszkowski / mazowieckie",
    "WPR": "pruszkowski / mazowieckie",
    "WPS": "pruszkowski / mazowieckie",
    "WPU": "pułtuski / mazowieckie",
    "WPY": "przysuski / mazowieckie",
    "WPZ": "przasnyski / mazowieckie",
    "WRA": "radomski / mazowieckie",
    "WSC": "sochaczewski / mazowieckie",
    "WSE": "sierpecki / mazowieckie",
    "WSI": "siedlecki / mazowieckie",
    "WSK": "sokołowski / mazowieckie",
    "WSZ": "szydłowiecki / mazowieckie",
    "WWE": "węgrowski / mazowieckie",
    "WWL": "wołomiński / mazowieckie",
    "WWY": "wyszkowski / mazowieckie",
    "WZU": "żuromiński / mazowieckie",
    "WZW": "zwoleński / mazowieckie",
    "WZY": "żyrardowski / mazowieckie",
    "XBY": "bytowski / pomorskie",
    "XCH": "chojnicki / pomorskie",
    "XCZ": "człuchowski / pomorskie",
    "XDA": "gdański / pomorskie",
    "XKA": "kartuski / pomorskie",
    "XKS": "kościerski / pomorskie",
    "XKW": "kwidzyński / pomorskie",
    "XKY": "kartuski / pomorskie",
    "XLE": "lęborski / pomorskie",
    "XMB": "malborski / pomorskie",
    "XND": "nowodworski / pomorskie",
    "XPU": "pucki / pomorskie",
    "XSL": "słupski / pomorskie",
    "XSP": "S opot / pomorskie",
    "XST": "starogardzki / pomorskie",
    "XSZ": "sztumski / pomorskie",
    "XTC": "tczewski / pomorskie",
    "XWE": "wejherowski / pomorskie",
    "XWO": "wejherowski / pomorskie",
    "YBI": "bieszczadzki / podkarpackie",
    "YBR": "brzozowski / podkarpackie",
    "YDE": "dębicki / podkarpackie",
    "YJA": "jarosławski / podkarpackie",
    "YJS": "jasielski / podkarpackie",
    "YKL": "kolbuszowski / podkarpackie",
    "YKR": "krośnieński / podkarpackie",
    "YLA": "łańcucki / podkarpackie",
    "YLE": "leżajski / podkarpackie",
    "YLS": "leski / podkarpackie",
    "YLU": "lubaczowski / podkarpackie",
    "YMI": "mielecki / podkarpackie",
    "YNI": "niżański / podkarpackie",
    "YPR": "przemyski / podkarpackie",
    "YPZ": "przeworski / podkarpackie",
    "YRS": "ropczycko- / podkarpackie",
    "YSA": "sanocki / podkarpackie",
    "YSR": "strzyżowski / podkarpackie",
    "YST": "stalowowolski / podkarpackie",
    "YTA": "tarnobrzeski / podkarpackie",
    "YZE": "rzeszowski / podkarpackie",
    "YZZ": "rzeszowski / podkarpackie",
    "ZBI": "białogardzki / zachodnio-",
    "ZCH": "choszczeński / zachodnio-",
    "ZDR": "drawski / zachodnio-",
    "ZGL": "goleniowski / zachodnio-",
    "ZGR": "gryfiński / zachodnio-",
    "ZGY": "gryficki / zachodnio-",
    "ZKA": "kamieński / zachodnio-",
    "ZKL": "kołobrzeski / zachodnio-",
    "ZKO": "koszaliński / zachodnio-",
    "ZLO": "łobeski / zachodnio-",
    "ZMY": "myśliborski / zachodnio-",
    "ZPL": "policki / zachodnio-",
    "ZPY": "pyrzycki / zachodnio-",
    "ZSD": "świdwiński / zachodnio-",
    "ZSL": "sławieński / zachodnio-",
    "ZST": "stargardzki / zachodnio-",
    "ZSW": "Świnoujście / zachodnio-",
    "ZSZ": "szczecinecki / zachodnio-",
    "ZWA": "wałecki / zachodnio-"
  }
}